,soil_ph,nitrogen,phosphorus,potassium,organic_carbon,electrical_conductivity,clay,sand,silt,temperature_mean,temperature_range,humidity_mean,rainfall_season,rainfall_30d,rainfall_90d,soil_moisture,et0,elevation,slope,erosion_risk_score,soil_fertility_index,water_stress_index,rainfall_deviation,soil_moisture_index,season_code,texture_code
soil_ph,1.0,-0.479,-0.015,0.713,-0.55,0.735,0.449,-0.591,0.425,-0.033,-0.022,0.011,0.033,0.033,0.033,0.024,-0.035,0.062,0.005,0.011,0.109,-0.034,0.006,0.024,-0.032,-0.847
nitrogen,-0.479,1.0,0.267,-0.271,0.727,-0.287,-0.194,0.084,0.116,0.041,-0.074,0.068,0.067,0.068,0.067,0.061,0.015,0.328,-0.029,-0.019,0.586,-0.057,0.085,0.061,-0.062,0.234
phosphorus,-0.015,0.267,1.0,-0.04,0.095,0.044,-0.288,0.125,0.172,-0.02,-0.062,0.039,0.062,0.061,0.061,0.041,-0.033,0.274,-0.021,-0.011,0.663,-0.071,0.048,0.041,-0.046,-0.179
potassium,0.713,-0.271,-0.04,1.0,-0.173,0.477,0.609,-0.678,0.36,-0.013,-0.024,0.017,-0.03,-0.028,-0.03,0.027,-0.013,0.084,-0.0,-0.014,0.337,0.001,0.016,0.027,-0.037,-0.758
organic_carbon,-0.55,0.727,0.095,-0.173,1.0,-0.489,0.111,-0.089,0.005,0.071,-0.031,0.04,-0.043,-0.042,-0.042,0.034,0.054,0.222,-0.019,-0.037,0.465,0.028,0.06,0.034,-0.029,0.297
electrical_conductivity,0.735,-0.287,0.044,0.477,-0.489,1.0,0.205,-0.421,0.459,-0.035,-0.029,0.008,0.112,0.111,0.111,0.021,-0.037,0.141,-0.007,0.024,0.135,-0.067,0.012,0.021,-0.031,-0.622
clay,0.449,-0.194,-0.288,0.609,0.111,0.205,1.0,-0.822,0.081,0.051,0.039,-0.023,-0.09,-0.089,-0.089,-0.009,0.054,-0.096,-0.0,-0.025,0.078,0.086,-0.011,-0.009,0.019,-0.42
sand,-0.591,0.084,0.125,-0.678,-0.089,-0.421,-0.822,1.0,-0.634,-0.036,0.006,-0.005,0.009,0.008,0.009,-0.025,-0.027,-0.073,0.0,0.007,-0.297,-0.02,-0.024,-0.025,0.021,0.614
silt,0.425,0.116,0.172,0.36,0.005,0.459,0.081,-0.634,1.0,-0.005,-0.065,0.04,0.107,0.108,0.106,0.056,-0.026,0.258,-0.001,0.021,0.414,-0.082,0.057,0.056,-0.064,-0.505
temperature_mean,-0.033,0.041,-0.02,-0.013,0.071,-0.035,0.051,-0.036,-0.005,1.0,0.029,0.124,0.255,0.253,0.255,0.138,0.698,0.005,0.008,0.06,0.006,0.087,0.372,0.139,0.063,0.037
temperature_range,-0.022,-0.074,-0.062,-0.024,-0.031,-0.029,0.039,0.006,-0.065,0.029,1.0,-0.786,-0.618,-0.611,-0.616,-0.77,0.344,-0.108,0.009,-0.043,-0.096,0.828,-0.89,-0.77,0.974,0.072
humidity_mean,0.011,0.068,0.039,0.017,0.04,0.008,-0.023,-0.005,0.04,0.124,-0.786,1.0,0.537,0.532,0.535,0.63,-0.145,0.09,-0.011,0.041,0.074,-0.641,0.773,0.63,-0.758,-0.05
rainfall_season,0.033,0.067,0.062,-0.03,-0.043,0.112,-0.09,0.009,0.107,0.255,-0.618,0.537,1.0,0.992,0.997,0.537,0.024,0.061,-0.01,0.197,0.07,-0.614,0.692,0.537,-0.586,-0.028
rainfall_30d,0.033,0.068,0.061,-0.028,-0.042,0.111,-0.089,0.008,0.108,0.253,-0.611,0.532,0.992,1.0,0.989,0.53,0.026,0.061,-0.01,0.196,0.071,-0.638,0.684,0.53,-0.579,-0.028
rainfall_90d,0.033,0.067,0.061,-0.03,-0.042,0.111,-0.089,0.009,0.106,0.255,-0.616,0.535,0.997,0.989,1.0,0.535,0.024,0.062,-0.009,0.197,0.071,-0.611,0.69,0.535,-0.585,-0.028
soil_moisture,0.024,0.061,0.041,0.027,0.034,0.021,-0.009,-0.025,0.056,0.138,-0.77,0.63,0.537,0.53,0.535,1.0,-0.127,0.081,-0.008,-0.021,0.076,-0.66,0.767,1.0,-0.742,-0.059
et0,-0.035,0.015,-0.033,-0.013,0.054,-0.037,0.054,-0.027,-0.026,0.698,0.344,-0.145,0.024,0.026,0.024,-0.127,1.0,-0.027,0.003,0.033,-0.017,0.394,0.042,-0.127,0.368,0.047
elevation,0.062,0.328,0.274,0.084,0.222,0.141,-0.096,-0.073,0.258,0.005,-0.108,0.09,0.061,0.061,0.062,0.081,-0.027,1.0,-0.014,-0.01,0.415,-0.076,0.102,0.081,-0.109,-0.249
slope,0.005,-0.029,-0.021,-0.0,-0.019,-0.007,-0.0,0.0,-0.001,0.008,0.009,-0.011,-0.01,-0.01,-0.009,-0.008,0.003,-0.014,1.0,0.965,-0.026,0.014,-0.005,-0.008,0.007,0.004
erosion_risk_score,0.011,-0.019,-0.011,-0.014,-0.037,0.024,-0.025,0.007,0.021,0.06,-0.043,0.041,0.197,0.196,0.197,-0.021,0.033,-0.01,0.965,1.0,-0.019,-0.054,0.069,-0.021,-0.04,0.006
soil_fertility_index,0.109,0.586,0.663,0.337,0.465,0.135,0.078,-0.297,0.414,0.006,-0.096,0.074,0.07,0.071,0.071,0.076,-0.017,0.415,-0.026,-0.019,1.0,-0.081,0.092,0.076,-0.087,-0.399
water_stress_index,-0.034,-0.057,-0.071,0.001,0.028,-0.067,0.086,-0.02,-0.082,0.087,0.828,-0.641,-0.614,-0.638,-0.611,-0.66,0.394,-0.076,0.014,-0.054,-0.081,1.0,-0.709,-0.66,0.799,0.06
rainfall_deviation,0.006,0.085,0.048,0.016,0.06,0.012,-0.011,-0.024,0.057,0.372,-0.89,0.773,0.692,0.684,0.69,0.767,0.042,0.102,-0.005,0.069,0.092,-0.709,1.0,0.767,-0.848,-0.049
soil_moisture_index,0.024,0.061,0.041,0.027,0.034,0.021,-0.009,-0.025,0.056,0.139,-0.77,0.63,0.537,0.53,0.535,1.0,-0.127,0.081,-0.008,-0.021,0.076,-0.66,0.767,1.0,-0.742,-0.059
season_code,-0.032,-0.062,-0.046,-0.037,-0.029,-0.031,0.019,0.021,-0.064,0.063,0.974,-0.758,-0.586,-0.579,-0.585,-0.742,0.368,-0.109,0.007,-0.04,-0.087,0.799,-0.848,-0.742,1.0,0.077
texture_code,-0.847,0.234,-0.179,-0.758,0.297,-0.622,-0.42,0.614,-0.505,0.037,0.072,-0.05,-0.028,-0.028,-0.028,-0.059,0.047,-0.249,0.004,0.006,-0.399,0.06,-0.049,-0.059,0.077,1.0
