crop,total_records,states_count,unique_locations,top_state,top_state_share_pct,geographic_concentration_hhi
Rice,1197,30,1197,Assam,5.76,0.04
Sugarcane,605,29,605,Manipur,4.13,0.036
Mustard,528,28,528,Mizoram,4.55,0.04
Maize,975,28,975,Karnataka,7.08,0.045
Pigeonpea,508,27,508,Andhra Pradesh,8.07,0.043
Sesamum,685,27,685,Odisha,8.76,0.047
Urad,733,27,733,Odisha,8.19,0.048
Wheat,545,27,545,Andhra Pradesh,4.4,0.04
Groundnut,725,26,725,Odisha,8.28,0.052
Chickpea,490,26,490,Andhra Pradesh,6.73,0.044
Moong,740,26,740,West Bengal,9.32,0.051
Cotton,476,25,476,Karnataka,7.56,0.048
Soybean,349,24,349,Andhra Pradesh,7.16,0.057
Sorghum,513,23,513,Karnataka,13.45,0.069
Pearl Millet,524,21,524,Karnataka,10.5,0.059
Finger Millet,498,20,498,Karnataka,13.86,0.072
