feature,mean,median,std,min,max,missing_pct,p5,p25,p75,p95
soil_ph,6.866,6.95,0.825,4.55,8.64,0.0,5.39,6.31,7.57,8.0
nitrogen,203.356,196.5,39.445,73.0,350.5,0.0,151.85,175.5,222.6,287.05
phosphorus,16.509,16.4,4.793,5.0,33.7,0.0,8.6,13.2,19.8,24.6
potassium,229.618,222.8,55.933,71.4,410.4,0.0,145.9,189.15,267.05,330.25
organic_carbon,0.669,0.55,0.326,0.1,1.71,0.0,0.36,0.46,0.69,1.44
electrical_conductivity,0.238,0.23,0.104,0.05,0.67,0.0,0.07,0.15,0.32,0.4
clay,27.317,23.6,11.878,5.0,60.9,0.0,13.45,18.8,32.8,50.5
sand,45.544,46.1,15.313,5.0,85.0,0.0,18.65,36.55,58.4,67.5
silt,27.147,27.2,8.724,5.0,56.1,0.0,12.8,20.9,33.4,41.4
temperature_mean,26.579,27.7,4.806,12.3,40.3,0.0,18.0,22.7,30.0,33.4
temperature_range,13.861,12.5,1.652,12.5,17.0,0.0,12.5,12.5,14.5,17.0
humidity_mean,62.282,63.0,13.366,20.0,95.0,0.0,39.6,52.6,72.5,82.6
rainfall_season,631.864,426.2,603.945,15.1,4956.9,0.0,90.55,171.2,928.1,1827.4
rainfall_30d,158.034,109.8,151.877,0.0,1258.2,0.0,11.35,45.5,233.15,456.8
rainfall_90d,537.209,364.6,515.022,0.0,4254.0,0.0,58.4,151.15,789.3,1550.6
soil_moisture,0.23,0.23,0.072,0.05,0.449,0.0,0.117,0.171,0.285,0.347
et0,4.73,4.65,0.938,2.5,8.16,0.0,3.4,4.02,5.27,6.53
elevation,434.516,439.1,116.06,10.0,867.3,0.0,238.6,356.7,512.85,621.6
slope,9.067,7.81,4.047,5.0,39.97,0.0,5.23,6.18,10.655,17.245
erosion_risk_score,0.171,0.154,0.063,0.073,0.682,0.0,0.107,0.127,0.198,0.297
soil_fertility_index,73.357,73.03,7.334,44.57,95.65,0.0,61.945,68.25,78.135,86.53
water_stress_index,1.394,0.899,1.234,0.1,5.0,0.0,0.285,0.521,1.819,4.434
rainfall_deviation,-0.296,0.074,0.477,-0.934,0.56,0.0,-0.852,-0.779,0.156,0.213
soil_moisture_index,0.574,0.575,0.181,0.125,1.123,0.0,0.292,0.427,0.712,0.867
season_code,0.713,0.0,0.911,0.0,3.0,0.0,0.0,0.0,1.0,3.0
texture_code,2.007,2.0,1.726,0.0,6.0,0.0,0.0,1.0,3.0,6.0
