feature,mutual_information
season_code,0.3412
rainfall_deviation,0.2575
temperature_range,0.2537
temperature_mean,0.1866
et0,0.1862
rainfall_season,0.1571
water_stress_index,0.1533
rainfall_30d,0.1467
rainfall_90d,0.1411
humidity_mean,0.1309
soil_moisture,0.1282
soil_moisture_index,0.1261
organic_carbon,0.0291
texture_code,0.0204
sand,0.0183
clay,0.0167
electrical_conductivity,0.0147
elevation,0.013
phosphorus,0.0111
silt,0.0111
soil_ph,0.0104
soil_fertility_index,0.0031
nitrogen,0.0028
potassium,0.0026
slope,0.0019
erosion_risk_score,0.0009
