column,missing_count,missing_percentage
latitude,0,0.0
longitude,0,0.0
state,0,0.0
year,0,0.0
season,0,0.0
crop,0,0.0
soil_ph,0,0.0
nitrogen,0,0.0
phosphorus,0,0.0
potassium,0,0.0
organic_carbon,0,0.0
electrical_conductivity,0,0.0
clay,0,0.0
sand,0,0.0
silt,0,0.0
soil_texture_class,0,0.0
temperature_mean,0,0.0
temperature_min,0,0.0
temperature_max,0,0.0
humidity_mean,0,0.0
rainfall_annual,0,0.0
rainfall_season,0,0.0
rainfall_7d,0,0.0
rainfall_30d,0,0.0
rainfall_90d,0,0.0
soil_moisture,0,0.0
et0,0,0.0
elevation,0,0.0
slope,0,0.0
erosion_risk_score,0,0.0
yield,0,0.0
