crop,precision,recall,f1_score,support
Sugarcane,0.6282,0.8099,0.7076,121
Chickpea,0.24,0.3061,0.2691,98
Mustard,0.2095,0.2925,0.2441,106
Rice,0.194,0.3264,0.2434,239
Wheat,0.189,0.2844,0.2271,109
Maize,0.1435,0.1641,0.1531,195
Pearl Millet,0.1327,0.1238,0.1281,105
Finger Millet,0.1389,0.101,0.117,99
Cotton,0.1429,0.0737,0.0972,95
Sorghum,0.1194,0.0777,0.0941,103
Urad,0.1071,0.0816,0.0927,147
Groundnut,0.0929,0.0897,0.0912,145
Pigeonpea,0.0909,0.0392,0.0548,102
Moong,0.0625,0.0473,0.0538,148
Sesamum,0.0571,0.0292,0.0386,137
Soybean,0.0,0.0,0.0,70
