weight_ml,weight_kb,weight_yield,val_top1,val_top3,val_top5,val_ndcg5,val_mrr
1.0,0.0,0.0,0.1556,0.3833,0.5484,0.3547,0.345
0.95,0.05,0.0,0.1556,0.3833,0.5579,0.3578,0.3446
0.9,0.1,0.0,0.1575,0.3814,0.5503,0.3549,0.3446
0.85,0.15,0.0,0.1651,0.3738,0.5503,0.3567,0.347
0.8,0.2,0.0,0.1689,0.3776,0.5503,0.3579,0.3487
0.75,0.25,0.0,0.1689,0.3662,0.5408,0.3551,0.3491
0.7,0.3,0.0,0.167,0.3738,0.5408,0.3549,0.3485
0.85,0.1,0.05,0.1499,0.389,0.5503,0.3538,0.3422
0.8,0.15,0.05,0.1537,0.389,0.5503,0.3543,0.3426
0.8,0.1,0.1,0.1537,0.3852,0.5522,0.3537,0.3404
0.75,0.15,0.1,0.1518,0.3852,0.5541,0.3552,0.3412
