feature,ks_statistic,ks_pvalue,population_stability_index,drift_status
rainfall_season,0.0731,0.000125,0.0861,Stable
rainfall_90d,0.0602,0.002799,0.0779,Stable
rainfall_30d,0.0584,0.004164,0.0518,Stable
water_stress_index,0.0566,0.005954,0.0354,Stable
rainfall_deviation,0.0454,0.047245,0.0234,Stable
soil_moisture_index,0.0372,0.161368,0.0171,Stable
soil_moisture,0.0372,0.161368,0.0171,Stable
clay,0.0505,0.019628,0.0164,Stable
humidity_mean,0.0313,0.333221,0.0161,Stable
elevation,0.0413,0.089519,0.0158,Stable
phosphorus,0.0273,0.504931,0.0115,Stable
temperature_range,0.0374,0.157272,0.01,Stable
soil_ph,0.0386,0.133241,0.0095,Stable
electrical_conductivity,0.0291,0.421803,0.0093,Stable
potassium,0.0314,0.330133,0.009,Stable
soil_fertility_index,0.0257,0.582595,0.0077,Stable
silt,0.0246,0.638464,0.0071,Stable
nitrogen,0.0338,0.249285,0.0066,Stable
slope,0.027,0.516757,0.0062,Stable
sand,0.0314,0.331656,0.0057,Stable
organic_carbon,0.0304,0.367401,0.0053,Stable
erosion_risk_score,0.0183,0.916206,0.0046,Stable
et0,0.0212,0.80406,0.0044,Stable
temperature_mean,0.0137,0.995063,0.002,Stable
