query_id,crop,suitability,expected_yield_tha,water_risk,erosion_risk,is_pareto_optimal
0,Chickpea,0.13402697443962097,0.86,0.21,0.09,False
0,Cotton,0.18324880301952362,1.55,0.21,0.167,True
0,Finger Millet,0.19219925999641418,1.01,0.21,0.09,False
0,Groundnut,0.21425461769104004,1.23,0.21,0.09,True
0,Maize,0.24019905924797058,2.34,0.42,0.09,True
0,Moong,0.21997323632240295,0.5,0.42,0.09,False
0,Mustard,0.12019186466932297,0.78,0.21,0.09,False
0,Pearl Millet,0.19870707392692566,1.03,0.21,0.09,False
0,Pigeonpea,0.17606791853904724,0.86,0.21,0.09,False
0,Rice,0.22514206171035767,2.34,0.42,0.09,False
0,Sesamum,0.22787678241729736,0.46,0.21,0.09,True
0,Sorghum,0.19919873774051666,1.01,0.21,0.09,False
0,Soybean,0.18845215439796448,1.01,0.42,0.09,False
0,Sugarcane,0.145842045545578,56.33,0.42,0.09,True
0,Urad,0.2900058925151825,0.62,0.42,0.09,True
0,Wheat,0.12022360414266586,1.56,0.42,0.09,False
5,Chickpea,0.18617425858974457,0.9,0.21,0.122,False
5,Cotton,0.14053665101528168,2.03,0.21,0.227,True
5,Finger Millet,0.15639521181583405,1.1,0.21,0.122,False
5,Groundnut,0.17563581466674805,1.37,0.21,0.122,True
5,Maize,0.23413828015327454,2.69,0.42,0.122,True
5,Moong,0.2262345552444458,0.5,0.42,0.122,False
5,Mustard,0.1564481258392334,0.8,0.21,0.122,False
5,Pearl Millet,0.14805817604064941,1.11,0.21,0.122,False
5,Pigeonpea,0.1742386519908905,1.17,0.21,0.122,False
5,Rice,0.20934319496154785,2.33,0.42,0.122,False
5,Sesamum,0.21478667855262756,0.64,0.21,0.122,True
5,Sorghum,0.20351721346378326,1.1,0.21,0.122,True
5,Soybean,0.1271994411945343,1.1,0.42,0.122,False
5,Sugarcane,0.13027477264404297,60.5,0.42,0.122,True
5,Urad,0.2248709499835968,0.62,0.42,0.122,False
5,Wheat,0.18642306327819824,1.65,0.42,0.122,False
11,Chickpea,0.1253441423177719,0.99,0.21,0.1,False
11,Cotton,0.20186975598335266,1.9,0.21,0.187,True
11,Finger Millet,0.213250994682312,1.09,0.21,0.1,False
11,Groundnut,0.2079460769891739,1.31,0.21,0.1,True
11,Maize,0.22549453377723694,2.41,0.42,0.1,True
11,Moong,0.22113586962223053,0.58,0.42,0.1,False
11,Mustard,0.1234692931175232,0.89,0.21,0.1,False
11,Pearl Millet,0.21368229389190674,1.11,0.21,0.1,True
11,Pigeonpea,0.21965253353118896,0.94,0.21,0.1,True
11,Rice,0.2286796271800995,2.4,0.42,0.1,True
11,Sesamum,0.222152978181839,0.52,0.21,0.1,True
11,Sorghum,0.2107400894165039,1.09,0.21,0.1,False
11,Soybean,0.1842937469482422,1.09,0.42,0.1,False
11,Sugarcane,0.14155931770801544,65.31,0.42,0.1,True
11,Urad,0.23260773718357086,0.69,0.42,0.1,True
11,Wheat,0.12488117814064026,1.61,0.42,0.1,False
16,Chickpea,0.21361520886421204,1.2,0.21,0.078,True
16,Cotton,0.1175118014216423,1.97,0.21,0.145,True
16,Finger Millet,0.17768451571464539,1.3,0.21,0.078,False
16,Groundnut,0.19476088881492615,1.56,0.21,0.078,True
16,Maize,0.20373952388763428,5.14,0.42,0.078,True
16,Moong,0.1494598090648651,0.82,0.42,0.078,False
16,Mustard,0.29757454991340637,1.01,0.21,0.078,True
16,Pearl Millet,0.12848348915576935,1.67,0.21,0.078,True
16,Pigeonpea,0.14279617369174957,1.53,0.21,0.078,False
16,Rice,0.17258237302303314,2.62,0.42,0.078,False
16,Sesamum,0.14739853143692017,1.01,0.21,0.078,False
16,Sorghum,0.20359665155410767,1.3,0.21,0.078,True
16,Soybean,0.12280420958995819,1.3,0.42,0.078,False
16,Sugarcane,0.11795655637979507,74.02,0.42,0.078,True
16,Urad,0.2039703130722046,0.87,0.42,0.078,False
16,Wheat,0.18770551681518555,1.88,0.42,0.078,False
22,Chickpea,0.123434878885746,0.99,0.21,0.082,False
22,Cotton,0.21558760106563568,1.84,0.21,0.152,True
22,Finger Millet,0.1987159252166748,1.08,0.21,0.082,False
22,Groundnut,0.2357662320137024,1.31,0.21,0.082,True
22,Maize,0.22187800705432892,3.9,0.42,0.082,True
22,Moong,0.2026066929101944,0.58,0.42,0.082,False
22,Mustard,0.11744789779186249,0.79,0.21,0.082,False
22,Pearl Millet,0.21074062585830688,1.1,0.21,0.082,False
22,Pigeonpea,0.21277758479118347,0.92,0.21,0.082,False
22,Rice,0.2362040877342224,2.45,0.42,0.082,True
22,Sesamum,0.20585444569587708,0.52,0.21,0.082,False
22,Sorghum,0.23235180974006653,1.08,0.21,0.082,False
22,Soybean,0.20779207348823547,1.08,0.42,0.082,False
22,Sugarcane,0.14696842432022095,64.13,0.42,0.082,True
22,Urad,0.21771091222763062,0.7,0.42,0.082,False
22,Wheat,0.11849786341190338,1.6,0.42,0.082,False
27,Chickpea,0.2763962149620056,0.91,0.21,0.114,True
27,Cotton,0.13046036660671234,1.82,0.21,0.212,True
27,Finger Millet,0.16066132485866547,1.12,0.21,0.114,False
27,Groundnut,0.23078769445419312,1.37,0.21,0.114,True
27,Maize,0.18935638666152954,3.43,0.42,0.114,True
27,Moong,0.18840143084526062,0.52,0.42,0.114,False
27,Mustard,0.2201845347881317,0.87,0.21,0.114,False
27,Pearl Millet,0.1768990308046341,1.25,0.21,0.114,False
27,Pigeonpea,0.15913724899291992,1.11,0.21,0.114,False
27,Rice,0.1713511198759079,2.34,0.42,0.114,False
27,Sesamum,0.16610842943191528,0.72,0.21,0.114,False
27,Sorghum,0.18999022245407104,1.12,0.21,0.114,False
27,Soybean,0.12555532157421112,1.12,0.42,0.114,False
27,Sugarcane,0.1256095916032791,76.47,0.42,0.114,True
27,Urad,0.18680298328399658,0.65,0.42,0.114,False
27,Wheat,0.18557819724082947,1.7,0.42,0.114,False
33,Chickpea,0.21720382571220398,1.42,0.21,0.164,False
33,Cotton,0.11840884387493134,2.32,0.21,0.305,True
33,Finger Millet,0.15199337899684906,1.53,0.21,0.164,False
33,Groundnut,0.22347964346408844,1.8,0.21,0.164,True
33,Maize,0.21957600116729736,3.37,0.42,0.164,True
33,Moong,0.21170708537101746,1.05,0.42,0.164,False
33,Mustard,0.2537052631378174,1.22,0.21,0.164,True
33,Pearl Millet,0.13268433511257172,1.65,0.21,0.164,False
33,Pigeonpea,0.14428266882896423,1.39,0.21,0.164,False
33,Rice,0.19834895431995392,2.85,0.42,0.164,False
33,Sesamum,0.15268589556217194,0.98,0.21,0.164,False
33,Sorghum,0.15233561396598816,1.53,0.21,0.164,False
33,Soybean,0.11808639764785767,1.53,0.42,0.164,False
33,Sugarcane,0.1341668665409088,60.4,0.42,0.164,True
33,Urad,0.19703230261802673,1.15,0.42,0.164,False
33,Wheat,0.19980299472808838,2.08,0.42,0.164,False
38,Chickpea,0.1883310079574585,1.02,0.21,0.083,False
38,Cotton,0.14085771143436432,1.55,0.21,0.154,True
38,Finger Millet,0.15902400016784668,1.3,0.21,0.083,False
38,Groundnut,0.19541402161121368,1.46,0.21,0.083,True
38,Maize,0.2037511020898819,3.34,0.42,0.083,True
38,Moong,0.176651269197464,0.95,0.42,0.083,False
38,Mustard,0.21345272660255432,0.72,0.21,0.083,False
38,Pearl Millet,0.15757925808429718,1.24,0.21,0.083,False
38,Pigeonpea,0.13446953892707825,1.14,0.21,0.083,False
38,Rice,0.18877388536930084,2.59,0.42,0.083,False
38,Sesamum,0.12693119049072266,0.7,0.21,0.083,False
38,Sorghum,0.2212594449520111,1.2,0.21,0.083,True
38,Soybean,0.11484993994235992,1.2,0.42,0.083,False
38,Sugarcane,0.12484267354011536,59.39,0.42,0.083,True
38,Urad,0.18643540143966675,0.83,0.42,0.083,False
38,Wheat,0.19195687770843506,1.7,0.42,0.083,False
44,Chickpea,0.22770953178405762,1.02,0.21,0.104,True
44,Cotton,0.12096689641475677,1.89,0.21,0.192,True
44,Finger Millet,0.1641247272491455,1.08,0.21,0.104,False
44,Groundnut,0.19360271096229553,1.38,0.21,0.104,True
44,Maize,0.22210697829723358,3.02,0.42,0.104,True
44,Moong,0.19727346301078796,0.56,0.42,0.104,False
44,Mustard,0.20537981390953064,0.84,0.21,0.104,False
44,Pearl Millet,0.13225150108337402,1.1,0.21,0.104,False
44,Pigeonpea,0.16563916206359863,0.98,0.21,0.104,False
44,Rice,0.19793535768985748,2.35,0.42,0.104,False
44,Sesamum,0.17652884125709534,0.53,0.21,0.104,False
44,Sorghum,0.15548834204673767,1.08,0.21,0.104,False
44,Soybean,0.12285062670707703,1.08,0.42,0.104,False
44,Sugarcane,0.13508367538452148,62.26,0.42,0.104,True
44,Urad,0.22667673230171204,0.67,0.42,0.104,False
44,Wheat,0.2164117693901062,1.63,0.42,0.104,False
49,Chickpea,0.11515689641237259,1.12,0.21,0.109,False
49,Cotton,0.14934012293815613,1.22,0.21,0.203,False
49,Finger Millet,0.22830715775489807,1.19,0.21,0.109,True
49,Groundnut,0.2125808298587799,1.24,0.21,0.109,True
49,Maize,0.21978764235973358,2.14,0.42,0.109,False
49,Moong,0.2775871753692627,0.57,0.42,0.109,True
