metric,v4,v5,delta
Top-1 Accuracy,19.05%,18.86%,-0.19%
Top-3 Accuracy,40.48%,42.31%,+1.83%
Top-5 Accuracy,59.34%,58.24%,-1.10%
NDCG@5,0.3873,0.3849,-0.0024
MRR,0.3672,0.3689,+0.0017
Macro F1,0.1643,0.1614,-0.0029
Geographic Top-5,59.28%,56.83%,-2.45%
Temporal Top-5,56.41%,58.97%,+2.56%
Spatiotemporal Top-5,40.82%,43.20%,+2.38%
Yield R^2,0.954,0.954,0.000
Yield RMSE (t/ha),6.377,6.377,0.000
Inference Latency,0.038 ms,0.041 ms,+0.003 ms
Multi-Objective Pareto Engine,No,Yes,New Feature
Decision Profiles,No,Yes,New Feature
