feature,mean_abs_shap
temperature_mean,0.1835
temperature_range,0.159
rainfall_deviation,0.1342
season_code,0.1306
rainfall_season,0.0811
rainfall_30d,0.0652
elevation,0.0634
et0,0.0621
humidity_mean,0.0457
clay,0.0438
rainfall_90d,0.0437
nitrogen,0.0337
soil_moisture,0.033
soil_fertility_index,0.032
sand,0.0318
water_stress_index,0.0295
soil_ph,0.028
silt,0.0271
electrical_conductivity,0.0248
erosion_risk_score,0.0231
potassium,0.0225
phosphorus,0.0221
organic_carbon,0.0188
texture_code,0.0178
slope,0.0165
soil_moisture_index,0.0082
